query,precision@k,recall@k,mrr,retrieved_ids,relevant_ids
What happens if an AI model is trained on poor-quality data and how can this be mitigated?,0.4,1.0,1.0,"['895ebceb-9af6-4694-b7ed-0808d0b7b2dd', '4af64034-19dd-48a4-a958-8cc1491c3af7', 'fafb87c0-6f04-4c37-98fc-38301825b9cf']","['895ebceb-9af6-4694-b7ed-0808d0b7b2dd', 'fafb87c0-6f04-4c37-98fc-38301825b9cf']"
Explain how tokenization enables AI systems to process language and why it is necessary.,0.2,1.0,1.0,"['0fa760c1-b305-4e3b-878d-a5a2d86b3631', 'fafb87c0-6f04-4c37-98fc-38301825b9cf', '56d6e7c4-3981-40fb-bda0-a362861a5dd6']",['0fa760c1-b305-4e3b-878d-a5a2d86b3631']
Why does the document suggest that AI hallucinations are a major limitation of current models?,0.2,1.0,1.0,"['fafb87c0-6f04-4c37-98fc-38301825b9cf', '40689abf-dcd2-4714-ab81-277c2c66fa5c', '895ebceb-9af6-4694-b7ed-0808d0b7b2dd']",['fafb87c0-6f04-4c37-98fc-38301825b9cf']
How does data governance improve both performance and efficiency of AI systems?,0.4,1.0,1.0,"['fafb87c0-6f04-4c37-98fc-38301825b9cf', '0fa760c1-b305-4e3b-878d-a5a2d86b3631', '180b15a3-65eb-417a-991c-31a196ef0711']","['0fa760c1-b305-4e3b-878d-a5a2d86b3631', 'fafb87c0-6f04-4c37-98fc-38301825b9cf']"
What is the relationship between semiconductor advancements and AI capabilities?,0.2,1.0,0.3333333333333333,"['180b15a3-65eb-417a-991c-31a196ef0711', '4af64034-19dd-48a4-a958-8cc1491c3af7', '895ebceb-9af6-4694-b7ed-0808d0b7b2dd']",['895ebceb-9af6-4694-b7ed-0808d0b7b2dd']
Why is Artificial General Intelligence (AGI) considered a goal rather than a current reality?,0.4,1.0,1.0,"['4f0a6cfc-2e68-4a8e-a3e3-3dcf8817731e', '45fc7167-ea56-4a3e-b70c-ee9381b563a2']","['45fc7167-ea56-4a3e-b70c-ee9381b563a2', '4f0a6cfc-2e68-4a8e-a3e3-3dcf8817731e']"
Explain how AI development creates both economic opportunities and risks.,0.6,1.0,1.0,"['180b15a3-65eb-417a-991c-31a196ef0711', '40689abf-dcd2-4714-ab81-277c2c66fa5c', '787e32ce-f556-42e5-904b-2d2410e065ce']","['787e32ce-f556-42e5-904b-2d2410e065ce', '180b15a3-65eb-417a-991c-31a196ef0711', '40689abf-dcd2-4714-ab81-277c2c66fa5c']"
How could synthetic data both help and potentially limit AI development?,0.2,1.0,1.0,"['4af64034-19dd-48a4-a958-8cc1491c3af7', '787e32ce-f556-42e5-904b-2d2410e065ce', '40689abf-dcd2-4714-ab81-277c2c66fa5c']",['4af64034-19dd-48a4-a958-8cc1491c3af7']
Why might increasing numbers of AI models lead to similar outputs across systems?,0.2,1.0,1.0,"['4af64034-19dd-48a4-a958-8cc1491c3af7', '40689abf-dcd2-4714-ab81-277c2c66fa5c', '45fc7167-ea56-4a3e-b70c-ee9381b563a2']",['4af64034-19dd-48a4-a958-8cc1491c3af7']
Explain the potential geopolitical risks associated with AI chip production.,0.2,1.0,1.0,"['88b61d64-9912-42ec-9b45-6672706c5f8b', '40689abf-dcd2-4714-ab81-277c2c66fa5c']",['88b61d64-9912-42ec-9b45-6672706c5f8b']
How is AI impacting entry-level versus senior-level jobs differently?,0.2,1.0,1.0,"['180b15a3-65eb-417a-991c-31a196ef0711', '4af64034-19dd-48a4-a958-8cc1491c3af7', 'a03ab2a8-0b05-4369-bfbb-812148f44878']",['180b15a3-65eb-417a-991c-31a196ef0711']
Why does the document suggest that AI-generated content can reduce productivity?,0.2,0.5,0.5,"['6a71a4ff-30ce-42c8-b2df-a5965a02259f', '88b61d64-9912-42ec-9b45-6672706c5f8b', 'f768cd1e-6361-445b-9559-edf62efdef66']","['88b61d64-9912-42ec-9b45-6672706c5f8b', 'a03ab2a8-0b05-4369-bfbb-812148f44878']"
What role do humans play in ensuring the reliability of AI outputs?,0.2,1.0,0.5,"['0fa760c1-b305-4e3b-878d-a5a2d86b3631', 'fafb87c0-6f04-4c37-98fc-38301825b9cf', '45fc7167-ea56-4a3e-b70c-ee9381b563a2']",['fafb87c0-6f04-4c37-98fc-38301825b9cf']
How are educational institutions adapting to the rise of AI tools?,0.4,1.0,1.0,"['a03ab2a8-0b05-4369-bfbb-812148f44878', 'c7d18f79-1c53-46ea-9695-67a8d1c78554', 'a888f9f0-1150-4637-800b-102e6e7855af', 'cfba3d08-b65a-44c6-b78b-de00e80c220c']","['a888f9f0-1150-4637-800b-102e6e7855af', 'a03ab2a8-0b05-4369-bfbb-812148f44878']"
Explain why AI models require large-scale computational power.,0.0,0.0,0.0,"['40689abf-dcd2-4714-ab81-277c2c66fa5c', 'cfba3d08-b65a-44c6-b78b-de00e80c220c', '4af64034-19dd-48a4-a958-8cc1491c3af7', '0fa760c1-b305-4e3b-878d-a5a2d86b3631']",['895ebceb-9af6-4694-b7ed-0808d0b7b2dd']
Why is monetization a challenge for AI companies despite high user numbers?,0.6,1.0,1.0,"['f768cd1e-6361-445b-9559-edf62efdef66', 'cfba3d08-b65a-44c6-b78b-de00e80c220c', '6a71a4ff-30ce-42c8-b2df-a5965a02259f']","['cfba3d08-b65a-44c6-b78b-de00e80c220c', '6a71a4ff-30ce-42c8-b2df-a5965a02259f', 'f768cd1e-6361-445b-9559-edf62efdef66']"
What risks are associated with rapid deployment of AI systems without regulation?,0.0,0.0,0.0,"['6a71a4ff-30ce-42c8-b2df-a5965a02259f', '180b15a3-65eb-417a-991c-31a196ef0711', 'cfba3d08-b65a-44c6-b78b-de00e80c220c', '56d6e7c4-3981-40fb-bda0-a362861a5dd6']",['787e32ce-f556-42e5-904b-2d2410e065ce']
How does AI contribute to new forms of cyber threats?,0.2,1.0,0.5,"['6a71a4ff-30ce-42c8-b2df-a5965a02259f', '787e32ce-f556-42e5-904b-2d2410e065ce', '40689abf-dcd2-4714-ab81-277c2c66fa5c']",['787e32ce-f556-42e5-904b-2d2410e065ce']
What is the impact of AI slop on communication and decision-making?,0.2,0.5,0.5,"['180b15a3-65eb-417a-991c-31a196ef0711', 'a03ab2a8-0b05-4369-bfbb-812148f44878', '4af64034-19dd-48a4-a958-8cc1491c3af7']","['88b61d64-9912-42ec-9b45-6672706c5f8b', 'a03ab2a8-0b05-4369-bfbb-812148f44878']"
What specific algorithm or model architecture is described as the core of modern AI systems?,0.0,0.0,0.0,"['0fa760c1-b305-4e3b-878d-a5a2d86b3631', '180b15a3-65eb-417a-991c-31a196ef0711', 'fafb87c0-6f04-4c37-98fc-38301825b9cf', '4af64034-19dd-48a4-a958-8cc1491c3af7']",['nan']
