user_input,reference,relevant_chunk_ids
"What happens if an AI model is trained on poor-quality data and how can this be mitigated?","Poor-quality data leads to inaccurate outputs and hallucinations due to false relationships, and this can be mitigated through data governance practices such as cleaning, standardizing, and removing erroneous data.","fafb87c0-6f04-4c37-98fc-38301825b9cf;895ebceb-9af6-4694-b7ed-0808d0b7b2dd"
"Explain how tokenization enables AI systems to process language and why it is necessary.","Tokenization converts text into numerical representations because computers can only process numbers, allowing AI models to analyze and understand language.","0fa760c1-b305-4e3b-878d-a5a2d86b3631"
"Why does the document suggest that AI hallucinations are a major limitation of current models?","Hallucinations occur due to incorrect or misleading training data, causing AI to present false information as fact, which reduces reliability.","fafb87c0-6f04-4c37-98fc-38301825b9cf"
"How does data governance improve both performance and efficiency of AI systems?","Data governance improves performance by increasing accuracy and reduces efficiency costs by lowering computation time through cleaner data.","fafb87c0-6f04-4c37-98fc-38301825b9cf;0fa760c1-b305-4e3b-878d-a5a2d86b3631"
"What is the relationship between semiconductor advancements and AI capabilities?","Advances in semiconductor design enable faster and more complex calculations, which are essential for processing large datasets in AI systems.","895ebceb-9af6-4694-b7ed-0808d0b7b2dd"
"Why is Artificial General Intelligence (AGI) considered a goal rather than a current reality?","AGI is still a goal because current AI systems are limited to specific tasks and do not yet match human-level intelligence across all domains.","4f0a6cfc-2e68-4a8e-a3e3-3dcf8817731e;45fc7167-ea56-4a3e-b70c-ee9381b563a2"
"Explain how AI development creates both economic opportunities and risks.","AI creates opportunities through productivity gains and innovation but also introduces risks such as job loss, security vulnerabilities, and misuse by bad actors.","180b15a3-65eb-417a-991c-31a196ef0711;40689abf-dcd2-4714-ab81-277c2c66fa5c;787e32ce-f556-42e5-904b-2d2410e065ce"
"How could synthetic data both help and potentially limit AI development?","Synthetic data helps train models when real data is limited but may lead to less diversity and convergence in outputs if overused.","4af64034-19dd-48a4-a958-8cc1491c3af7"
"Why might increasing numbers of AI models lead to similar outputs across systems?","As models are trained on similar large datasets, their learned patterns converge, resulting in similar responses.","4af64034-19dd-48a4-a958-8cc1491c3af7"
"Explain the potential geopolitical risks associated with AI chip production.","Global dependence on Taiwan for over 90% of high-end AI chips creates risks if supply is disrupted due to geopolitical conflicts.","88b61d64-9912-42ec-9b45-6672706c5f8b"
"How is AI impacting entry-level versus senior-level jobs differently?","AI is reducing entry-level jobs and internships, while senior roles remain less affected due to higher expertise requirements.","180b15a3-65eb-417a-991c-31a196ef0711"
"Why does the document suggest that AI-generated content can reduce productivity?","AI-generated content can appear useful but often lacks substance, requiring additional human review and editing.","88b61d64-9912-42ec-9b45-6672706c5f8b;a03ab2a8-0b05-4369-bfbb-812148f44878"
"What role do humans play in ensuring the reliability of AI outputs?","Humans verify information, apply critical reasoning, and distinguish between accurate outputs and hallucinations.","fafb87c0-6f04-4c37-98fc-38301825b9cf"
"How are educational institutions adapting to the rise of AI tools?","They are increasing in-class assessments and written exams to ensure students demonstrate independent thinking without AI assistance.","a888f9f0-1150-4637-800b-102e6e7855af;a03ab2a8-0b05-4369-bfbb-812148f44878"
"Explain why AI models require large-scale computational power.","AI models process vast datasets and calculate complex probabilities, requiring significant computational resources provided by specialized hardware.","895ebceb-9af6-4694-b7ed-0808d0b7b2dd"
"Why is monetization a challenge for AI companies despite high user numbers?","Many users do not pay for services, especially in emerging markets, while operational and infrastructure costs remain extremely high.","f768cd1e-6361-445b-9559-edf62efdef66;6a71a4ff-30ce-42c8-b2df-a5965a02259f;cfba3d08-b65a-44c6-b78b-de00e80c220c"
"What risks are associated with rapid deployment of AI systems without regulation?","Risks include security vulnerabilities, misuse by malicious actors, and lack of safeguards against harmful applications.","787e32ce-f556-42e5-904b-2d2410e065ce"
"How does AI contribute to new forms of cyber threats?","AI enables automated hacking and exploitation of system vulnerabilities, increasing the scale and sophistication of cyber attacks.","787e32ce-f556-42e5-904b-2d2410e065ce"
"What is the impact of AI slop on communication and decision-making?","AI slop leads to verbose but meaningless content, which can reduce clarity and hinder effective decision-making.","88b61d64-9912-42ec-9b45-6672706c5f8b;a03ab2a8-0b05-4369-bfbb-812148f44878"
"What specific algorithm or model architecture is described as the core of modern AI systems?","The document does not specify a particular algorithm or architecture, making this unanswerable based on the provided text.",""
